Nafn;Heimilisfang;Póstnúmer;Staður;Íbúð;Einkunn;Stig;Tegund;Byggt;m²;Herb.;Kaupsamningur;Áætluð afhending;Dagar frá afhendingu;Afhendingarregla;Fastanúmer;Ástæða einkunnar;Athugasemd
Til húseiganda;Háaleiti 31;230;Reykjanesbær;;A;99.7;Einbýli;1966;186.9;5;2026-07-24;2026-10-02;1;notað;2087947;eldra sérbýli – lagnir/þak/steypa á tíma;
Til húseiganda;Markarflöt 9;210;Garðabær;;A;99.7;Einbýli;1969;241.7;4;2026-07-24;2026-10-02;1;notað;2071735;eldra sérbýli – lagnir/þak/steypa á tíma;
Til húseiganda;Daltún 17;200;Kópavogur;;A;99.4;Einbýli;1985;304.4;8;2026-07-23;2026-10-01;2;notað;2059457;eldra sérbýli – lagnir/þak/steypa á tíma;
Til húseiganda;Lyngbrekka 23;200;Kópavogur;;A;99.4;Sérbýli;1964;146.1;4;2026-07-23;2026-10-01;2;notað;2063983;eldra sérbýli – lagnir/þak/steypa á tíma;
Til húseiganda;Sefgarðar 28;170;Seltjarnarnes;;A;99.4;Einbýli;1978;242.5;6;2026-07-23;2026-10-01;2;notað;2068093;eldra sérbýli – lagnir/þak/steypa á tíma;
Til húseiganda;Skipasund 77;104;Reykjavík;;A;99.4;Einbýli;1956;186.9;5;2026-07-23;2026-10-01;2;notað;2020652;eldra sérbýli – lagnir/þak/steypa á tíma;
Til húseiganda;Smáraflöt 45;210;Garðabær;;A;99.4;Einbýli;1964;207.6;4;2026-07-23;2026-10-01;2;notað;2072252;eldra sérbýli – lagnir/þak/steypa á tíma;
Til húseiganda;Hlíðarvegur 6;200;Kópavogur;;A;99.1;Einbýli;1954;245.9;5;2026-07-22;2026-09-30;3;notað;2062133;eldra sérbýli – lagnir/þak/steypa á tíma;
Til húseiganda;Hjallabraut 70;220;Hafnarfjörður;;A;98.8;Sérbýli;1978;316.4;7;2026-07-21;2026-09-29;4;notað;2075667;eldra sérbýli – lagnir/þak/steypa á tíma;
Til húseiganda;Engjasel 82;109;Reykjavík;;A;98.5;Sérbýli;1980;219.2;6;2026-07-20;2026-09-28;5;notað;2055532;eldra sérbýli – lagnir/þak/steypa á tíma;
Til húseiganda;Reykjavegur 86;270;Mosfellsbær;;A;98.5;Einbýli;1974;144.4;3;2026-07-20;2026-09-28;5;notað;2084332;eldra sérbýli – lagnir/þak/steypa á tíma;
Til húseiganda;Axlarás 39;221;Hafnarfjörður;;A;97.9;Sérbýli;2025;240.1;6;2025-12-30;2026-09-26;7;ófullbúið (óviss);2523328;selt ófullbúið – eigandi klárar sjálfur (afhending óviss);
Til húseiganda;Efstasund 64;104;Reykjavík;;A;97.9;Einbýli;1946;138.9;4;2026-07-18;2026-09-26;7;notað;2018375;eldra sérbýli – lagnir/þak/steypa á tíma;
Til húseiganda;Efstilundur 8;210;Garðabær;;A;97.6;Einbýli;1972;195.5;4;2026-07-17;2026-09-25;8;notað;2069851;eldra sérbýli – lagnir/þak/steypa á tíma;
Til húseiganda;Otrateigur 18;105;Reykjavík;;A;97.6;Sérbýli;1962;152.5;4;2026-07-17;2026-09-25;8;notað;2017003;eldra sérbýli – lagnir/þak/steypa á tíma;
Til húseiganda;Faxabraut 31A;230;Reykjanesbær;;A;97.3;Einbýli;1961;155.0;4;2026-07-16;2026-09-24;9;notað;2087444;eldra sérbýli – lagnir/þak/steypa á tíma;
Til húseiganda;Hvassaleiti 103;103;Reykjavík;;A;97.3;Sérbýli;1962;228.3;4;2026-07-16;2026-09-24;9;notað;2031979;eldra sérbýli – lagnir/þak/steypa á tíma;
Til húseiganda;Sefgarðar 20;170;Seltjarnarnes;;A;97.3;Einbýli;1978;178.8;3;2026-07-16;2026-09-24;9;notað;2068088;eldra sérbýli – lagnir/þak/steypa á tíma;
Til húseiganda;Seiðakvísl 5;110;Reykjavík;;A;97.3;Einbýli;1983;185.1;4;2026-07-16;2026-09-24;9;notað;2043440;eldra sérbýli – lagnir/þak/steypa á tíma;
Til húseiganda;Bragagata 33;101;Reykjavík;;A;97.0;Sérbýli;1934;126.6;4;2026-07-15;2026-09-23;10;notað;2007583;eldra sérbýli – lagnir/þak/steypa á tíma;
Til húseiganda;Hlíðarbyggð 3;210;Garðabær;;A;96.7;Sérbýli;1977;191.0;3;2026-07-14;2026-09-22;11;notað;2070428;eldra sérbýli – lagnir/þak/steypa á tíma;
Til húseiganda;Fagrihjalli 10;200;Kópavogur;;A;96.4;Sérbýli;1989;174.8;4;2026-07-13;2026-09-21;12;notað;2060275;eldra sérbýli – lagnir/þak/steypa á tíma;
Til húseiganda;Heiðarbraut 1E;230;Reykjanesbær;;A;96.4;Sérbýli;1978;181.3;4;2026-07-13;2026-09-21;12;notað;2088551;eldra sérbýli – lagnir/þak/steypa á tíma;
Til húseiganda;Langeyrarvegur 16;220;Hafnarfjörður;;A;96.4;Einbýli;1947;107.7;4;2026-07-13;2026-09-21;12;notað;2077287;eldra sérbýli – lagnir/þak/steypa á tíma;
Til húseiganda;Hamraberg 30;111;Reykjavík;;A;95.5;Sérbýli;1981;143.5;5;2026-07-10;2026-09-18;15;notað;2051178;eldra sérbýli – lagnir/þak/steypa á tíma;
Til húseiganda;Naustahlein 26;210;Garðabær;;A;95.5;Sérbýli;1989;89.2;2;2026-07-10;2026-09-18;15;notað;2071988;eldra sérbýli – lagnir/þak/steypa á tíma;
Til húseiganda;Selvogsgata 20;220;Hafnarfjörður;;A;95.5;Einbýli;1939;117.7;5;2026-07-10;2026-09-18;15;notað;2078745;eldra sérbýli – lagnir/þak/steypa á tíma;
Til húseiganda;Heiðargerði 33;108;Reykjavík;;A;95.2;Einbýli;1955;165.8;3;2026-07-09;2026-09-17;16;notað;2033485;eldra sérbýli – lagnir/þak/steypa á tíma;
Til húseiganda;Funafold 12;112;Reykjavík;;A;94.9;Sérbýli;1988;172.6;4;2026-07-08;2026-09-16;17;notað;2042209;eldra sérbýli – lagnir/þak/steypa á tíma;
Til húseiganda;Vesturberg 97;111;Reykjavík;;A;94.9;Einbýli;1975;227.8;5;2026-07-08;2026-09-16;17;notað;2050331;eldra sérbýli – lagnir/þak/steypa á tíma;
Til húseiganda;Eyktarás 15;110;Reykjavík;;A;94.6;Einbýli;1979;269.6;4;2026-07-07;2026-09-15;18;notað;2046008;eldra sérbýli – lagnir/þak/steypa á tíma;
Til húseiganda;Fannafold 4;112;Reykjavík;;A;94.6;Einbýli;1985;188.2;3;2026-07-07;2026-09-15;18;notað;2041781;eldra sérbýli – lagnir/þak/steypa á tíma;
Til húseiganda;Huldudalur 5;260;Reykjanesbær;;A;94.6;Sérbýli;2025;171.7;3;2025-12-19;2026-09-15;18;ófullbúið (óviss);2536652;selt ófullbúið – eigandi klárar sjálfur (afhending óviss);
Til húseiganda;Helguvík;225;Garðabær (Álftanes);;A;94.3;Einbýli;1971;202.7;5;2026-07-06;2026-09-14;19;notað;2081514;eldra sérbýli – lagnir/þak/steypa á tíma;
Til húseiganda;Háteigur 20;230;Reykjanesbær;;A;94.3;Einbýli;1978;332.8;7;2026-07-06;2026-09-14;19;notað;2088319;eldra sérbýli – lagnir/þak/steypa á tíma;
Til húseiganda;Háteigur 5;250;Suðurnesjabær;;A;93.4;Sérbýli;2025;107.9;3;2025-12-15;2026-09-11;22;ófullbúið (óviss);2537972;selt ófullbúið – eigandi klárar sjálfur (afhending óviss);
Til húseiganda;Klausturhvammur 30;220;Hafnarfjörður;;A;92.8;Sérbýli;1982;196.7;5;2026-07-01;2026-09-09;24;notað;2076973;eldra sérbýli – lagnir/þak/steypa á tíma;
Til húseiganda;Skagabraut 13;250;Suðurnesjabær;;A;92.5;Einbýli;2025;170.9;3;2025-12-12;2026-09-08;25;ófullbúið (óviss);2535105;selt ófullbúið – eigandi klárar sjálfur (afhending óviss);
Til húseiganda;Smyrlahraun 19;220;Hafnarfjörður;;A;92.5;Einbýli;1972;360.7;8;2026-06-30;2026-09-08;25;notað;2079107;eldra sérbýli – lagnir/þak/steypa á tíma;
Til húseiganda;Hafnargata 70;230;Reykjanesbær;;A;92.2;Einbýli;1945;106.2;4;2026-06-29;2026-09-07;26;notað;2088131;eldra sérbýli – lagnir/þak/steypa á tíma;
Til húseiganda;Drekavogur 14;104;Reykjavík;;A;91.3;Einbýli;1953;248.8;4;2026-06-26;2026-09-04;29;notað;2020712;eldra sérbýli – lagnir/þak/steypa á tíma;
Til húseiganda;Heiðargerði 43;108;Reykjavík;;A;91.3;Einbýli;1962;148.3;3;2026-06-26;2026-09-04;29;notað;2033493;eldra sérbýli – lagnir/þak/steypa á tíma;
Til húseiganda;Suðurvellir 7;230;Reykjanesbær;;A;91.3;Sérbýli;1983;65.2;1;2026-06-26;2026-09-04;29;notað;2361103;eldra sérbýli – lagnir/þak/steypa á tíma;
Til húseiganda;Melabraut 48;170;Seltjarnarnes;;A;91.0;Einbýli;1980;209.0;3;2026-06-25;2026-09-03;30;notað;2067831;eldra sérbýli – lagnir/þak/steypa á tíma;
Til húseiganda;Sævargarðar 7;170;Seltjarnarnes;;A;91.0;Einbýli;1972;223.0;4;2026-06-25;2026-09-03;30;notað;2068367;eldra sérbýli – lagnir/þak/steypa á tíma;
Til húseiganda;Aratún 28;210;Garðabær;;A;90.7;Einbýli;1968;177.9;4;2026-06-24;2026-09-02;31;notað;2069091;eldra sérbýli – lagnir/þak/steypa á tíma;
Til húseiganda;Leirutangi 11A;270;Mosfellsbær;;A;90.7;Sérbýli;1986;155.4;3;2026-06-24;2026-09-02;31;notað;2083962;eldra sérbýli – lagnir/þak/steypa á tíma;
Til húseiganda;Þykkvibær 4;110;Reykjavík;;A;90.7;Einbýli;1967;176.8;3;2026-06-24;2026-09-02;31;notað;2045498;eldra sérbýli – lagnir/þak/steypa á tíma;
Til húseiganda;Keilufell 4;111;Reykjavík;;A;90.4;Einbýli;1973;253.4;4;2026-06-23;2026-09-01;32;notað;2051575;eldra sérbýli – lagnir/þak/steypa á tíma;
Til húseiganda;Torfufell 16;111;Reykjavík;;A;90.4;Sérbýli;1973;158.2;4;2026-06-23;2026-09-01;32;notað;2053119;eldra sérbýli – lagnir/þak/steypa á tíma;
Til húseiganda;Ljósaland 3;108;Reykjavík;;A;90.1;Sérbýli;1972;219.1;5;2026-06-22;2026-08-31;33;notað;2038034;eldra sérbýli – lagnir/þak/steypa á tíma;
Til húseiganda;Þórshamrar;250;Suðurnesjabær;;A;90.1;Einbýli;1980;142.0;4;2026-06-22;2026-08-31;33;notað;2095498;eldra sérbýli – lagnir/þak/steypa á tíma;
Til húseiganda;Lindarbraut 24;170;Seltjarnarnes;;A;89.2;Einbýli;1977;208.2;5;2026-06-19;2026-08-28;36;notað;2067607;eldra sérbýli – lagnir/þak/steypa á tíma;
Til húseiganda;Reykjavíkurvegur 23;102;Reykjavík;;A;89.2;Einbýli;1936;133.7;4;2026-06-19;2026-08-28;36;notað;2029124;eldra sérbýli – lagnir/þak/steypa á tíma;
Til húseiganda;Leirvogstunga 12;270;Mosfellsbær;;A;88.9;Einbýli;1960;253.1;5;2026-06-18;2026-08-27;37;notað;2083830;eldra sérbýli – lagnir/þak/steypa á tíma;
Til húseiganda;Öldugata 26;220;Hafnarfjörður;;A;88.9;Sérbýli;1930;188.7;5;2026-06-18;2026-08-27;37;notað;2080764;eldra sérbýli – lagnir/þak/steypa á tíma;
Til húseiganda;Freyjuvellir 9;230;Reykjanesbær;;A;88.3;Einbýli;1983;222.3;4;2026-06-16;2026-08-25;39;notað;2087691;eldra sérbýli – lagnir/þak/steypa á tíma;
Til húseiganda;Stuðlaberg 48;221;Hafnarfjörður;;A;88.3;Sérbýli;1989;170.6;3;2026-06-16;2026-08-25;39;notað;2079547;eldra sérbýli – lagnir/þak/steypa á tíma;
Til húseiganda;Suðurvellir 1;230;Reykjanesbær;;A;88.3;Einbýli;1978;176.5;4;2026-06-16;2026-08-25;39;notað;2090781;eldra sérbýli – lagnir/þak/steypa á tíma;
Til húseiganda;Bakkasel 25;109;Reykjavík;;A;88.0;Sérbýli;1979;263.8;8;2026-06-15;2026-08-24;40;notað;2055203;eldra sérbýli – lagnir/þak/steypa á tíma;
Til húseiganda;Engjasel 66;109;Reykjavík;;A;88.0;Sérbýli;1975;159.5;4;2026-06-15;2026-08-24;40;notað;2055477;eldra sérbýli – lagnir/þak/steypa á tíma;
Til húseiganda;Víkurbakki 8;109;Reykjavík;;A;88.0;Sérbýli;1972;177.1;4;2026-06-15;2026-08-24;40;notað;2046888;eldra sérbýli – lagnir/þak/steypa á tíma;
Til húseiganda;Kleppsvegur 94;104;Reykjavík;;A;87.1;Einbýli;1968;285.0;5;2026-06-12;2026-08-21;43;notað;2017670;eldra sérbýli – lagnir/þak/steypa á tíma;
Til húseiganda;Krókabyggð 36;270;Mosfellsbær;;A;87.1;Sérbýli;1989;108.0;4;2026-06-12;2026-08-21;43;notað;2083931;eldra sérbýli – lagnir/þak/steypa á tíma;
Til húseiganda;Langafit 26;210;Garðabær;;A;87.1;Einbýli;1981;158.6;5;2026-06-12;2026-08-21;43;notað;2071132;eldra sérbýli – lagnir/þak/steypa á tíma;
Til húseiganda;Leirutangi 22;270;Mosfellsbær;;A;87.1;Einbýli;1984;252.7;4;2026-06-12;2026-08-21;43;notað;2083989;eldra sérbýli – lagnir/þak/steypa á tíma;
Til húseiganda;Vogagerði 17;190;Vogar;;A;87.1;Einbýli;1972;180.3;4;2026-06-12;2026-08-21;43;notað;2096580;eldra sérbýli – lagnir/þak/steypa á tíma;
Til húseiganda;Ölduslóð 43;220;Hafnarfjörður;;A;87.1;Sérbýli;1983;290.8;6;2026-06-12;2026-08-21;43;notað;2080902;eldra sérbýli – lagnir/þak/steypa á tíma;
Til húseiganda;Kirkjuvegur 13;220;Hafnarfjörður;;A;86.8;Einbýli;1902;60.8;1;2026-06-11;2026-08-20;44;notað;2076915;eldra sérbýli – lagnir/þak/steypa á tíma;
Til húseiganda;Kirkjuvegur 3;220;Hafnarfjörður;;A;86.8;Sérbýli;1915;116.3;1;2026-06-11;2026-08-20;44;notað;2076898;eldra sérbýli – lagnir/þak/steypa á tíma;
Til húseiganda;Brekkuhvammur 16;220;Hafnarfjörður;;A;86.5;Einbýli;1956;202.3;4;2026-06-10;2026-08-19;45;notað;2074185;eldra sérbýli – lagnir/þak/steypa á tíma;
Til húseiganda;Móaflöt 12;210;Garðabær;;A;86.5;Einbýli;1967;210.4;3;2026-06-10;2026-08-19;45;notað;2071891;eldra sérbýli – lagnir/þak/steypa á tíma;
Til húseiganda;Erluhraun 3;220;Hafnarfjörður;;A;86.2;Einbýli;1960;178.7;3;2026-06-09;2026-08-18;46;notað;2074590;eldra sérbýli – lagnir/þak/steypa á tíma;
Til húseiganda;Kirkjubraut 3;260;Reykjanesbær;;A;86.2;Einbýli;1963;162.6;4;2026-06-09;2026-08-18;46;notað;2093769;eldra sérbýli – lagnir/þak/steypa á tíma;
Til húseiganda;Mávahraun 1;220;Hafnarfjörður;;A;85.0;Einbýli;1966;218.9;4;2026-06-05;2026-08-14;50;notað;2077767;eldra sérbýli – lagnir/þak/steypa á tíma;
Til húseiganda;Stuðlasel 6;109;Reykjavík;;A;85.0;Einbýli;1976;238.7;7;2026-06-05;2026-08-14;50;notað;2054085;eldra sérbýli – lagnir/þak/steypa á tíma;
Til húseiganda;Heiðarvegur 21A;230;Reykjanesbær;;A;84.7;Einbýli;1946;111.6;3;2026-06-04;2026-08-13;51;notað;2089040;eldra sérbýli – lagnir/þak/steypa á tíma;
Til húseiganda;Kúrland 26;108;Reykjavík;;A;84.7;Sérbýli;1971;210.9;5;2026-06-04;2026-08-13;51;notað;2037693;eldra sérbýli – lagnir/þak/steypa á tíma;
Til húseiganda;Nesbali 25;170;Seltjarnarnes;;A;84.4;Einbýli;1978;194.0;4;2026-06-03;2026-08-12;52;notað;2067979;eldra sérbýli – lagnir/þak/steypa á tíma;
Til húseiganda;Lindarbraut 17;170;Seltjarnarnes;;A;84.1;Sérbýli;1987;170.9;4;2026-06-02;2026-08-11;53;notað;2067594;eldra sérbýli – lagnir/þak/steypa á tíma;
Til húseiganda;Suðurgata 56;220;Hafnarfjörður;;A;84.1;Einbýli;1934;231.4;6;2026-06-02;2026-08-11;53;notað;2079761;eldra sérbýli – lagnir/þak/steypa á tíma;
Til húseiganda;Túngata 16;245;Suðurnesjabær;;A;84.1;Einbýli;1955;110.9;3;2026-06-02;2026-08-11;53;notað;2095181;eldra sérbýli – lagnir/þak/steypa á tíma;
Til húseiganda;Víðiholt 10;225;Garðabær (Álftanes);;A;84.1;Sérbýli;2024;180.0;4;2025-11-14;2026-08-11;53;ófullbúið (óviss);2527608;selt ófullbúið – eigandi klárar sjálfur (afhending óviss);
Til húseiganda;Heiðargerði 16;190;Vogar;;A;83.8;Einbýli;1978;174.5;2;2026-06-01;2026-08-10;54;notað;2096427;eldra sérbýli – lagnir/þak/steypa á tíma;
Til húseiganda;Bergþórugata 7;101;Reykjavík;;A;82.3;Sérbýli;1923;57.9;1;2026-05-27;2026-08-05;59;notað;2008120;eldra sérbýli – lagnir/þak/steypa á tíma;
Til húseiganda;Bræðratunga 24;200;Kópavogur;;A;82.3;Sérbýli;1960;162.3;3;2026-05-27;2026-08-05;59;notað;2059345;eldra sérbýli – lagnir/þak/steypa á tíma;
Til húseiganda;Smárahvammur 4;220;Hafnarfjörður;;A;82.3;Einbýli;1963;278.0;6;2026-05-27;2026-08-05;59;notað;2079051;eldra sérbýli – lagnir/þak/steypa á tíma;
Til húseiganda;Heiðargerði 3;108;Reykjavík;;A;82.0;Einbýli;1958;206.3;4;2026-05-26;2026-08-04;60;notað;2033455;eldra sérbýli – lagnir/þak/steypa á tíma;
Til húseiganda;Seljabraut 46;109;Reykjavík;;A;82.0;Sérbýli;1974;187.7;5;2026-05-26;2026-08-04;60;notað;2056261;eldra sérbýli – lagnir/þak/steypa á tíma;
Til húseiganda;Faxatún 5;210;Garðabær;;A;80.8;Einbýli;1959;180.2;4;2026-05-22;2026-07-31;64;notað;2069961;eldra sérbýli – lagnir/þak/steypa á tíma;
Til húseiganda;Kópavogsbraut 63;200;Kópavogur;;A;80.8;Einbýli;1958;219.7;3;2026-05-22;2026-07-31;64;notað;2063531;eldra sérbýli – lagnir/þak/steypa á tíma;
Til húseiganda;Nesbali 20;170;Seltjarnarnes;;A;80.8;Sérbýli;1975;202.0;6;2026-05-22;2026-07-31;64;notað;2067972;eldra sérbýli – lagnir/þak/steypa á tíma;
Til húseiganda;Hlíðargata 32;245;Suðurnesjabær;;A;80.5;Einbýli;1964;178.6;4;2026-05-21;2026-07-30;65;notað;2094796;eldra sérbýli – lagnir/þak/steypa á tíma;
Til húseiganda;Ásgarður 123;108;Reykjavík;;A;80.5;Sérbýli;1961;109.3;3;2026-05-21;2026-07-30;65;notað;2036253;eldra sérbýli – lagnir/þak/steypa á tíma;
Til húseiganda;Arnartangi 23;270;Mosfellsbær;;A;80.2;Einbýli;1975;206.9;4;2026-05-20;2026-07-29;66;notað;2082664;eldra sérbýli – lagnir/þak/steypa á tíma;
Til húseiganda;Þinghólsbraut 8;200;Kópavogur;;A;80.2;Einbýli;1964;190.0;4;2026-05-20;2026-07-29;66;notað;2066204;eldra sérbýli – lagnir/þak/steypa á tíma;
Til húseiganda;Látrasel 12;109;Reykjavík;;A;79.9;Einbýli;1980;194.1;4;2026-05-19;2026-07-28;67;notað;2054375;eldra sérbýli – lagnir/þak/steypa á tíma;
Til húseiganda;Bauganes 3;102;Reykjavík;;A;79.6;Einbýli;1931;138.6;3;2026-05-18;2026-07-27;68;notað;2029442;eldra sérbýli – lagnir/þak/steypa á tíma;
Til húseiganda;Glitvellir 14;221;Hafnarfjörður;;B;79.4;Einbýli;2007;157.1;4;2026-07-23;2026-10-01;2;notað;2293438;sérbýli '90–'09 – bað/eldhús á endurnýjunaraldri;
Til húseiganda;Hraunbær 158, íbúð 0301;110;Reykjavík;0301;B;79.4;Fjölbýli;1969;102.2;3;2026-07-23;2026-10-01;2;notað;2045204;stór eldri íbúð;
Til húseiganda;Laugarnesvegur 112, íbúð 0105;105;Reykjavík;0105;B;79.4;Fjölbýli;1963;91.1;2;2026-07-23;2026-10-01;2;notað;2015999;stór eldri íbúð;
Til húseiganda;Mávahlíð 11, íbúð 0101;105;Reykjavík;0101;B;79.4;Fjölbýli;1947;117.8;2;2026-07-23;2026-10-01;2;notað;2030123;stór eldri íbúð;
Til húseiganda;Rauðalækur 51, íbúð 0101;105;Reykjavík;0101;B;79.4;Fjölbýli;1959;108.0;3;2026-07-23;2026-10-01;2;notað;2016312;stór eldri íbúð;
Til húseiganda;Þorláksgeisli 46;113;Reykjavík;;B;79.4;Sérbýli;2003;190.0;4;2026-07-23;2026-10-01;2;notað;2261338;sérbýli '90–'09 – bað/eldhús á endurnýjunaraldri;
Til húseiganda;Bjarkartún 5;250;Suðurnesjabær;;B;79.1;Einbýli;2007;217.4;4;2026-07-22;2026-09-30;3;notað;2291733;sérbýli '90–'09 – bað/eldhús á endurnýjunaraldri;
Til húseiganda;Bogabraut 963A, íbúð 0204;262;Reykjanesbær;0204;B;79.1;Fjölbýli;1970;94.6;2;2026-07-22;2026-09-30;3;notað;2504268;stór eldri íbúð;
Til húseiganda;Fagrabrekka 25, íbúð 0101;200;Kópavogur;0101;B;79.1;Fjölbýli;1962;125.2;4;2026-07-22;2026-09-30;3;notað;2060241;stór eldri íbúð;
Til húseiganda;Hagamelur 48, íbúð 0101;107;Reykjavík;0101;B;79.1;Fjölbýli;1973;175.9;4;2026-07-22;2026-09-30;3;notað;2026218;stór eldri íbúð;
Til húseiganda;Skógarbraut 916C, íbúð 0207;262;Reykjanesbær;0207;B;79.1;Fjölbýli;1978;123.9;4;2026-07-22;2026-09-30;3;notað;2309213;stór eldri íbúð;
Til húseiganda;Stigahlíð 4, íbúð 0402;105;Reykjavík;0402;B;79.1;Fjölbýli;1956;114.0;4;2026-07-22;2026-09-30;3;notað;2030916;stór eldri íbúð;
Til húseiganda;Álftamýri 36, íbúð 0203;108;Reykjavík;0203;B;79.1;Fjölbýli;1964;124.8;3;2026-07-22;2026-09-30;3;notað;2014276;stór eldri íbúð;
Til húseiganda;Hrísmóar 1, íbúð 0401;210;Garðabær;0401;B;78.8;Fjölbýli;1984;92.8;2;2026-07-21;2026-09-29;4;notað;2070682;stór eldri íbúð;
Til húseiganda;Leifsgata 18, íbúð 0101;101;Reykjavík;0101;B;78.8;Fjölbýli;1935;165.3;2;2026-07-21;2026-09-29;4;notað;2008814;stór eldri íbúð;
Til húseiganda;Sóltún 7, íbúð 0101;230;Reykjanesbær;0101;B;78.8;Fjölbýli;1954;91.5;2;2026-07-21;2026-09-29;4;notað;2090477;stór eldri íbúð;
Til húseiganda;Æsufell 6, íbúð 0706;111;Reykjavík;0706;B;78.8;Fjölbýli;1971;96.4;2;2026-07-21;2026-09-29;4;notað;2051749;stór eldri íbúð;
Til húseiganda;Brekkugata 19;190;Vogar;;A;78.7;Einbýli;1989;109.4;3;2026-05-15;2026-07-24;71;notað;2096355;eldra sérbýli – lagnir/þak/steypa á tíma;
Til húseiganda;Kambsvegur 11;104;Reykjavík;;A;78.7;Einbýli;1954;107.2;3;2026-05-15;2026-07-24;71;notað;2017688;eldra sérbýli – lagnir/þak/steypa á tíma;
Til húseiganda;Kjarrmóar 11;210;Garðabær;;A;78.7;Sérbýli;1983;140.0;3;2026-05-15;2026-07-24;71;notað;2071021;eldra sérbýli – lagnir/þak/steypa á tíma;
Til húseiganda;Strýtusel 13;109;Reykjavík;;A;78.7;Einbýli;1980;338.1;5;2026-05-15;2026-07-24;71;notað;2054068;eldra sérbýli – lagnir/þak/steypa á tíma;
Til húseiganda;Ferjubakki 2, íbúð 0202;109;Reykjavík;0202;B;78.5;Fjölbýli;1968;101.5;3;2026-07-20;2026-09-28;5;notað;2047623;stór eldri íbúð;
Til húseiganda;Skipholt 24, íbúð 0201;105;Reykjavík;0201;B;78.5;Fjölbýli;1953;102.0;1;2026-07-20;2026-09-28;5;notað;2011761;stór eldri íbúð;
Til húseiganda;Skógarbraut 916C, íbúð 0106;262;Reykjanesbær;0106;B;78.5;Fjölbýli;1978;123.8;4;2026-07-20;2026-09-28;5;notað;2309206;stór eldri íbúð;
Til húseiganda;Litlagerði;270;Mosfellsbær;;A;78.4;Einbýli;1961;146.4;3;2026-05-14;2026-07-23;72;notað;2083835;eldra sérbýli – lagnir/þak/steypa á tíma;
Til húseiganda;Hringhamar 8, íbúð 0202;221;Hafnarfjörður;0202;B;78.2;Fjölbýli;2025;71.7;2;2025-12-31;2026-09-27;6;ófullbúið (óviss);2530828;selt ófullbúið – eigandi klárar sjálfur (afhending óviss);
Til húseiganda;Furulundur 2;210;Garðabær;;A;78.1;Einbýli;1974;219.6;4;2026-05-13;2026-07-22;73;notað;2070055;eldra sérbýli – lagnir/þak/steypa á tíma;
Til húseiganda;Hellubraut 9;220;Hafnarfjörður;;A;78.1;Einbýli;1980;237.9;5;2026-05-13;2026-07-22;73;notað;2079487;eldra sérbýli – lagnir/þak/steypa á tíma;
Til húseiganda;Strýtusel 10;109;Reykjavík;;A;78.1;Einbýli;1978;234.8;5;2026-05-13;2026-07-22;73;notað;2054075;eldra sérbýli – lagnir/þak/steypa á tíma;
Til húseiganda;Bólstaðarhlíð 48, íbúð 0201;105;Reykjavík;0201;B;77.6;Fjölbýli;1967;92.3;2;2026-07-17;2026-09-25;8;notað;2013735;stór eldri íbúð;
Til húseiganda;Arnarhraun 9, íbúð 0201;220;Hafnarfjörður;0201;B;77.3;Fjölbýli;1962;156.9;2;2026-07-16;2026-09-24;9;notað;2073347;stór eldri íbúð;
Til húseiganda;Birkihlíð 42, íbúð 0101;105;Reykjavík;0101;B;77.3;Fjölbýli;1984;99.9;3;2026-07-16;2026-09-24;9;notað;2032919;stór eldri íbúð;
Til húseiganda;Grettisgata 46, íbúð 0302;101;Reykjavík;0302;B;77.3;Fjölbýli;1936;94.4;1;2026-07-16;2026-09-24;9;notað;2007967;stór eldri íbúð;
Til húseiganda;Stapavellir 5;260;Reykjanesbær;;B;77.3;Sérbýli;2007;123.3;2;2026-07-16;2026-09-24;9;notað;2295977;sérbýli '90–'09 – bað/eldhús á endurnýjunaraldri;
Til húseiganda;Barmahlíð 23, íbúð 0201;105;Reykjavík;0201;B;77.0;Fjölbýli;1947;106.3;2;2026-07-15;2026-09-23;10;notað;2030037;stór eldri íbúð;
Til húseiganda;Eyjabakki 7, íbúð 0202;109;Reykjavík;0202;B;77.0;Fjölbýli;1968;142.1;3;2026-07-15;2026-09-23;10;notað;2047586;stór eldri íbúð;
Til húseiganda;Freyjuvellir 5;230;Reykjanesbær;;A;76.9;Einbýli;1985;232.1;5;2026-05-09;2026-07-18;77;notað;2087683;eldra sérbýli – lagnir/þak/steypa á tíma;
Til húseiganda;Túngata 12, íbúð 0101;230;Reykjanesbær;0101;B;76.7;Fjölbýli;1943;114.2;2;2026-07-14;2026-09-22;11;notað;2090965;stór eldri íbúð;
Til húseiganda;Vesturberg 120, íbúð 0203;111;Reykjavík;0203;B;76.7;Fjölbýli;1972;91.2;2;2026-07-14;2026-09-22;11;notað;2050478;stór eldri íbúð;
Til húseiganda;Vindheimar;162;Reykjavík;;B;76.7;Einbýli;1990;179.9;0;2026-07-14;2026-09-22;11;notað;2085451;sérbýli '90–'09 – bað/eldhús á endurnýjunaraldri;
Til húseiganda;Bæjargil 110;210;Garðabær;;A;76.6;Sérbýli;1986;157.2;3;2026-05-08;2026-07-17;78;notað;2069760;eldra sérbýli – lagnir/þak/steypa á tíma;
Til húseiganda;Hlíðarbyggð 33;210;Garðabær;;A;76.6;Sérbýli;1979;252.1;7;2026-05-08;2026-07-17;78;notað;2070458;eldra sérbýli – lagnir/þak/steypa á tíma;
Til húseiganda;Bólstaðarhlíð 5, íbúð 0101;105;Reykjavík;0101;B;76.4;Fjölbýli;1950;145.3;4;2026-07-13;2026-09-21;12;notað;2013023;stór eldri íbúð;
Til húseiganda;Kjarrhólmi 6, íbúð 0302;200;Kópavogur;0302;B;76.4;Fjölbýli;1973;101.2;3;2026-07-13;2026-09-21;12;notað;2063229;stór eldri íbúð;
Til húseiganda;Laufdalur 51;260;Reykjanesbær;;B;76.4;Sérbýli;2007;164.6;3;2026-07-13;2026-09-21;12;notað;2296013;sérbýli '90–'09 – bað/eldhús á endurnýjunaraldri;
Til húseiganda;Tómasarhagi 36, íbúð 0101;107;Reykjavík;0101;B;76.4;Fjölbýli;1972;295.7;6;2026-07-13;2026-09-21;12;notað;2028165;stór eldri íbúð;
Til húseiganda;Ásholt 28;105;Reykjavík;;B;76.4;Sérbýli;1990;124.8;3;2026-07-13;2026-09-21;12;notað;2010707;sérbýli '90–'09 – bað/eldhús á endurnýjunaraldri;
Til húseiganda;Hlíðarvegur 61;200;Kópavogur;;A;76.3;Einbýli;1954;212.4;5;2026-05-07;2026-07-16;79;notað;2062280;eldra sérbýli – lagnir/þak/steypa á tíma;
Til húseiganda;Kjarrmóar 23;210;Garðabær;;A;76.0;Sérbýli;1982;84.8;2;2026-05-06;2026-07-15;80;notað;2071033;eldra sérbýli – lagnir/þak/steypa á tíma;
Til húseiganda;Víðimelur 30, íbúð 0201;107;Reykjavík;0201;B;75.8;Fjölbýli;1939;102.5;1;2026-07-11;2026-09-19;14;notað;2026961;stór eldri íbúð;
Til húseiganda;Háaleitisbraut 93;108;Reykjavík;;A;75.7;Sérbýli;1969;243.8;4;2026-05-05;2026-07-14;81;notað;2015165;eldra sérbýli – lagnir/þak/steypa á tíma;
Til húseiganda;Lindarflöt 40;210;Garðabær;;A;75.7;Einbýli;1965;165.3;3;2026-05-05;2026-07-14;81;notað;2071370;eldra sérbýli – lagnir/þak/steypa á tíma;
