Nafn;Heimilisfang;Póstnúmer;Staður;Hverfanúmer
Til húseiganda;Bergþórugata 7;101;Reykjavík;
Til húseiganda;Bragagata 33;101;Reykjavík;
Til húseiganda;Grettisgata 46, íbúð 0302;101;Reykjavík;
Til húseiganda;Leifsgata 18, íbúð 0101;101;Reykjavík;
Til húseiganda;Bauganes 3;102;Reykjavík;
Til húseiganda;Reykjavíkurvegur 23;102;Reykjavík;
Til húseiganda;Hvassaleiti 103;103;Reykjavík;
Til húseiganda;Drekavogur 14;104;Reykjavík;
Til húseiganda;Efstasund 64;104;Reykjavík;
Til húseiganda;Kambsvegur 11;104;Reykjavík;
Til húseiganda;Kleppsvegur 94;104;Reykjavík;
Til húseiganda;Skipasund 77;104;Reykjavík;
Til húseiganda;Barmahlíð 23, íbúð 0201;105;Reykjavík;
Til húseiganda;Birkihlíð 42, íbúð 0101;105;Reykjavík;
Til húseiganda;Bólstaðarhlíð 48, íbúð 0201;105;Reykjavík;
Til húseiganda;Bólstaðarhlíð 5, íbúð 0101;105;Reykjavík;
Til húseiganda;Laugarnesvegur 112, íbúð 0105;105;Reykjavík;
Til húseiganda;Mávahlíð 11, íbúð 0101;105;Reykjavík;
Til húseiganda;Otrateigur 18;105;Reykjavík;
Til húseiganda;Rauðalækur 51, íbúð 0101;105;Reykjavík;
Til húseiganda;Skipholt 24, íbúð 0201;105;Reykjavík;
Til húseiganda;Stigahlíð 4, íbúð 0402;105;Reykjavík;
Til húseiganda;Ásholt 28;105;Reykjavík;
Til húseiganda;Hagamelur 48, íbúð 0101;107;Reykjavík;
Til húseiganda;Tómasarhagi 36, íbúð 0101;107;Reykjavík;
Til húseiganda;Víðimelur 30, íbúð 0201;107;Reykjavík;
Til húseiganda;Heiðargerði 3;108;Reykjavík;
Til húseiganda;Heiðargerði 33;108;Reykjavík;
Til húseiganda;Heiðargerði 43;108;Reykjavík;
Til húseiganda;Háaleitisbraut 93;108;Reykjavík;
Til húseiganda;Kúrland 26;108;Reykjavík;
Til húseiganda;Ljósaland 3;108;Reykjavík;
Til húseiganda;Álftamýri 36, íbúð 0203;108;Reykjavík;
Til húseiganda;Ásgarður 123;108;Reykjavík;
Til húseiganda;Bakkasel 25;109;Reykjavík;
Til húseiganda;Engjasel 66;109;Reykjavík;
Til húseiganda;Engjasel 82;109;Reykjavík;
Til húseiganda;Eyjabakki 7, íbúð 0202;109;Reykjavík;
Til húseiganda;Ferjubakki 2, íbúð 0202;109;Reykjavík;
Til húseiganda;Látrasel 12;109;Reykjavík;
Til húseiganda;Seljabraut 46;109;Reykjavík;
Til húseiganda;Strýtusel 10;109;Reykjavík;
Til húseiganda;Strýtusel 13;109;Reykjavík;
Til húseiganda;Stuðlasel 6;109;Reykjavík;
Til húseiganda;Víkurbakki 8;109;Reykjavík;
Til húseiganda;Eyktarás 15;110;Reykjavík;
Til húseiganda;Hraunbær 158, íbúð 0301;110;Reykjavík;
Til húseiganda;Seiðakvísl 5;110;Reykjavík;
Til húseiganda;Þykkvibær 4;110;Reykjavík;
Til húseiganda;Hamraberg 30;111;Reykjavík;
Til húseiganda;Keilufell 4;111;Reykjavík;
Til húseiganda;Torfufell 16;111;Reykjavík;
Til húseiganda;Vesturberg 120, íbúð 0203;111;Reykjavík;
Til húseiganda;Vesturberg 97;111;Reykjavík;
Til húseiganda;Æsufell 6, íbúð 0706;111;Reykjavík;
Til húseiganda;Fannafold 4;112;Reykjavík;
Til húseiganda;Funafold 12;112;Reykjavík;
Til húseiganda;Þorláksgeisli 46;113;Reykjavík;
Til húseiganda;Vindheimar;162;Reykjavík;
Til húseiganda;Lindarbraut 17;170;Seltjarnarnes;
Til húseiganda;Lindarbraut 24;170;Seltjarnarnes;
Til húseiganda;Melabraut 48;170;Seltjarnarnes;
Til húseiganda;Nesbali 20;170;Seltjarnarnes;
Til húseiganda;Nesbali 25;170;Seltjarnarnes;
Til húseiganda;Sefgarðar 20;170;Seltjarnarnes;
Til húseiganda;Sefgarðar 28;170;Seltjarnarnes;
Til húseiganda;Sævargarðar 7;170;Seltjarnarnes;
Til húseiganda;Brekkugata 19;190;Vogar;
Til húseiganda;Heiðargerði 16;190;Vogar;
Til húseiganda;Vogagerði 17;190;Vogar;
Til húseiganda;Bræðratunga 24;200;Kópavogur;
Til húseiganda;Daltún 17;200;Kópavogur;
Til húseiganda;Fagrabrekka 25, íbúð 0101;200;Kópavogur;
Til húseiganda;Fagrihjalli 10;200;Kópavogur;
Til húseiganda;Hlíðarvegur 6;200;Kópavogur;
Til húseiganda;Hlíðarvegur 61;200;Kópavogur;
Til húseiganda;Kjarrhólmi 6, íbúð 0302;200;Kópavogur;
Til húseiganda;Kópavogsbraut 63;200;Kópavogur;
Til húseiganda;Lyngbrekka 23;200;Kópavogur;
Til húseiganda;Þinghólsbraut 8;200;Kópavogur;
Til húseiganda;Aratún 28;210;Garðabær;
Til húseiganda;Bæjargil 110;210;Garðabær;
Til húseiganda;Efstilundur 8;210;Garðabær;
Til húseiganda;Faxatún 5;210;Garðabær;
Til húseiganda;Furulundur 2;210;Garðabær;
Til húseiganda;Hlíðarbyggð 3;210;Garðabær;
Til húseiganda;Hlíðarbyggð 33;210;Garðabær;
Til húseiganda;Hrísmóar 1, íbúð 0401;210;Garðabær;
Til húseiganda;Kjarrmóar 11;210;Garðabær;
Til húseiganda;Kjarrmóar 23;210;Garðabær;
Til húseiganda;Langafit 26;210;Garðabær;
Til húseiganda;Lindarflöt 40;210;Garðabær;
Til húseiganda;Markarflöt 9;210;Garðabær;
Til húseiganda;Móaflöt 12;210;Garðabær;
Til húseiganda;Naustahlein 26;210;Garðabær;
Til húseiganda;Smáraflöt 45;210;Garðabær;
Til húseiganda;Arnarhraun 9, íbúð 0201;220;Hafnarfjörður;
Til húseiganda;Brekkuhvammur 16;220;Hafnarfjörður;
Til húseiganda;Erluhraun 3;220;Hafnarfjörður;
Til húseiganda;Hellubraut 9;220;Hafnarfjörður;
Til húseiganda;Hjallabraut 70;220;Hafnarfjörður;
Til húseiganda;Kirkjuvegur 13;220;Hafnarfjörður;
Til húseiganda;Kirkjuvegur 3;220;Hafnarfjörður;
Til húseiganda;Klausturhvammur 30;220;Hafnarfjörður;
Til húseiganda;Langeyrarvegur 16;220;Hafnarfjörður;
Til húseiganda;Mávahraun 1;220;Hafnarfjörður;
Til húseiganda;Selvogsgata 20;220;Hafnarfjörður;
Til húseiganda;Smyrlahraun 19;220;Hafnarfjörður;
Til húseiganda;Smárahvammur 4;220;Hafnarfjörður;
Til húseiganda;Suðurgata 56;220;Hafnarfjörður;
Til húseiganda;Öldugata 26;220;Hafnarfjörður;
Til húseiganda;Ölduslóð 43;220;Hafnarfjörður;
Til húseiganda;Axlarás 39;221;Hafnarfjörður;
Til húseiganda;Glitvellir 14;221;Hafnarfjörður;
Til húseiganda;Hringhamar 8, íbúð 0202;221;Hafnarfjörður;
Til húseiganda;Stuðlaberg 48;221;Hafnarfjörður;
Til húseiganda;Helguvík;225;Garðabær (Álftanes);
Til húseiganda;Víðiholt 10;225;Garðabær (Álftanes);
Til húseiganda;Faxabraut 31A;230;Reykjanesbær;
Til húseiganda;Freyjuvellir 5;230;Reykjanesbær;
Til húseiganda;Freyjuvellir 9;230;Reykjanesbær;
Til húseiganda;Hafnargata 70;230;Reykjanesbær;
Til húseiganda;Heiðarbraut 1E;230;Reykjanesbær;
Til húseiganda;Heiðarvegur 21A;230;Reykjanesbær;
Til húseiganda;Háaleiti 31;230;Reykjanesbær;
Til húseiganda;Háteigur 20;230;Reykjanesbær;
Til húseiganda;Suðurvellir 1;230;Reykjanesbær;
Til húseiganda;Suðurvellir 7;230;Reykjanesbær;
Til húseiganda;Sóltún 7, íbúð 0101;230;Reykjanesbær;
Til húseiganda;Túngata 12, íbúð 0101;230;Reykjanesbær;
Til húseiganda;Hlíðargata 32;245;Suðurnesjabær;
Til húseiganda;Túngata 16;245;Suðurnesjabær;
Til húseiganda;Bjarkartún 5;250;Suðurnesjabær;
Til húseiganda;Háteigur 5;250;Suðurnesjabær;
Til húseiganda;Skagabraut 13;250;Suðurnesjabær;
Til húseiganda;Þórshamrar;250;Suðurnesjabær;
Til húseiganda;Huldudalur 5;260;Reykjanesbær;
Til húseiganda;Kirkjubraut 3;260;Reykjanesbær;
Til húseiganda;Laufdalur 51;260;Reykjanesbær;
Til húseiganda;Stapavellir 5;260;Reykjanesbær;
Til húseiganda;Bogabraut 963A, íbúð 0204;262;Reykjanesbær;
Til húseiganda;Skógarbraut 916C, íbúð 0106;262;Reykjanesbær;
Til húseiganda;Skógarbraut 916C, íbúð 0207;262;Reykjanesbær;
Til húseiganda;Arnartangi 23;270;Mosfellsbær;
Til húseiganda;Krókabyggð 36;270;Mosfellsbær;
Til húseiganda;Leirutangi 11A;270;Mosfellsbær;
Til húseiganda;Leirutangi 22;270;Mosfellsbær;
Til húseiganda;Leirvogstunga 12;270;Mosfellsbær;
Til húseiganda;Litlagerði;270;Mosfellsbær;
Til húseiganda;Reykjavegur 86;270;Mosfellsbær;
VÍS tryggingar hf;Ármúli 3;108;Reykjavík;
HK Lagnir ehf (Hjörvar);Flúðasel 67;109;Reykjavík;
REKK Import ehf (MAUS);Katrínartún 4;105;Reykjavík;
Gardínur.is (Valdimar);Dalbrekka 56;200;Kópavogur;
KORA ehf;Katrínartún 4;105;Reykjavík;
Kjartan Freyr Kjartansson (KORA);Seinakur 8;210;Garðabær;
Stíflu- og myndavélaþjónustan ehf;Ármúli 21;108;Reykjavík;
MJ Lausnir ehf;Hafnargata 35;230;Reykjanesbær;
Þór Þorsteinsson (Steindi / Heit gólf);Kópavogsbraut 88;200;Kópavogur;
