vidtakandi,heimilisfang,postnr,stadur,einkunn,stig,tegund,byggar,staerd_m2,kaupdagsetning
Til húseiganda,Háaleiti 31,230,Reykjanesbær,A,99.7,Einbýli,1966,186.9,2026-07-24
Til húseiganda,Markarflöt 9,210,Garðabær,A,99.7,Einbýli,1969,241.7,2026-07-24
Til húseiganda,Daltún 17,200,Kópavogur,A,99.4,Einbýli,1985,304.4,2026-07-23
Til húseiganda,Lyngbrekka 23,200,Kópavogur,A,99.4,Sérbýli,1964,146.1,2026-07-23
Til húseiganda,Sefgarðar 28,170,Seltjarnarnes,A,99.4,Einbýli,1978,242.5,2026-07-23
Til húseiganda,Skipasund 77,104,Reykjavík,A,99.4,Einbýli,1956,186.9,2026-07-23
Til húseiganda,Smáraflöt 45,210,Garðabær,A,99.4,Einbýli,1964,207.6,2026-07-23
Til húseiganda,Hlíðarvegur 6,200,Kópavogur,A,99.1,Einbýli,1954,245.9,2026-07-22
Til húseiganda,Hjallabraut 70,220,Hafnarfjörður,A,98.8,Sérbýli,1978,316.4,2026-07-21
Til húseiganda,Engjasel 82,109,Reykjavík,A,98.5,Sérbýli,1980,219.2,2026-07-20
Til húseiganda,Reykjavegur 86,270,Mosfellsbær,A,98.5,Einbýli,1974,144.4,2026-07-20
Til húseiganda,Axlarás 39,221,Hafnarfjörður,A,97.9,Sérbýli,2025,240.1,2025-12-30
Til húseiganda,Efstasund 64,104,Reykjavík,A,97.9,Einbýli,1946,138.9,2026-07-18
Til húseiganda,Efstilundur 8,210,Garðabær,A,97.6,Einbýli,1972,195.5,2026-07-17
Til húseiganda,Otrateigur 18,105,Reykjavík,A,97.6,Sérbýli,1962,152.5,2026-07-17
Til húseiganda,Faxabraut 31A,230,Reykjanesbær,A,97.3,Einbýli,1961,155.0,2026-07-16
Til húseiganda,Hvassaleiti 103,103,Reykjavík,A,97.3,Sérbýli,1962,228.3,2026-07-16
Til húseiganda,Sefgarðar 20,170,Seltjarnarnes,A,97.3,Einbýli,1978,178.8,2026-07-16
Til húseiganda,Seiðakvísl 5,110,Reykjavík,A,97.3,Einbýli,1983,185.1,2026-07-16
Til húseiganda,Bragagata 33,101,Reykjavík,A,97.0,Sérbýli,1934,126.6,2026-07-15
Til húseiganda,Hlíðarbyggð 3,210,Garðabær,A,96.7,Sérbýli,1977,191.0,2026-07-14
Til húseiganda,Fagrihjalli 10,200,Kópavogur,A,96.4,Sérbýli,1989,174.8,2026-07-13
Til húseiganda,Heiðarbraut 1E,230,Reykjanesbær,A,96.4,Sérbýli,1978,181.3,2026-07-13
Til húseiganda,Langeyrarvegur 16,220,Hafnarfjörður,A,96.4,Einbýli,1947,107.7,2026-07-13
Til húseiganda,Hamraberg 30,111,Reykjavík,A,95.5,Sérbýli,1981,143.5,2026-07-10
Til húseiganda,Naustahlein 26,210,Garðabær,A,95.5,Sérbýli,1989,89.2,2026-07-10
Til húseiganda,Selvogsgata 20,220,Hafnarfjörður,A,95.5,Einbýli,1939,117.7,2026-07-10
Til húseiganda,Heiðargerði 33,108,Reykjavík,A,95.2,Einbýli,1955,165.8,2026-07-09
Til húseiganda,Funafold 12,112,Reykjavík,A,94.9,Sérbýli,1988,172.6,2026-07-08
Til húseiganda,Vesturberg 97,111,Reykjavík,A,94.9,Einbýli,1975,227.8,2026-07-08
Til húseiganda,Eyktarás 15,110,Reykjavík,A,94.6,Einbýli,1979,269.6,2026-07-07
Til húseiganda,Fannafold 4,112,Reykjavík,A,94.6,Einbýli,1985,188.2,2026-07-07
Til húseiganda,Huldudalur 5,260,Reykjanesbær,A,94.6,Sérbýli,2025,171.7,2025-12-19
Til húseiganda,Helguvík,225,Garðabær (Álftanes),A,94.3,Einbýli,1971,202.7,2026-07-06
Til húseiganda,Háteigur 20,230,Reykjanesbær,A,94.3,Einbýli,1978,332.8,2026-07-06
Til húseiganda,Háteigur 5,250,Suðurnesjabær,A,93.4,Sérbýli,2025,107.9,2025-12-15
Til húseiganda,Klausturhvammur 30,220,Hafnarfjörður,A,92.8,Sérbýli,1982,196.7,2026-07-01
Til húseiganda,Skagabraut 13,250,Suðurnesjabær,A,92.5,Einbýli,2025,170.9,2025-12-12
Til húseiganda,Smyrlahraun 19,220,Hafnarfjörður,A,92.5,Einbýli,1972,360.7,2026-06-30
Til húseiganda,Hafnargata 70,230,Reykjanesbær,A,92.2,Einbýli,1945,106.2,2026-06-29
Til húseiganda,Drekavogur 14,104,Reykjavík,A,91.3,Einbýli,1953,248.8,2026-06-26
Til húseiganda,Heiðargerði 43,108,Reykjavík,A,91.3,Einbýli,1962,148.3,2026-06-26
Til húseiganda,Suðurvellir 7,230,Reykjanesbær,A,91.3,Sérbýli,1983,65.2,2026-06-26
Til húseiganda,Melabraut 48,170,Seltjarnarnes,A,91.0,Einbýli,1980,209.0,2026-06-25
Til húseiganda,Sævargarðar 7,170,Seltjarnarnes,A,91.0,Einbýli,1972,223.0,2026-06-25
Til húseiganda,Aratún 28,210,Garðabær,A,90.7,Einbýli,1968,177.9,2026-06-24
Til húseiganda,Leirutangi 11A,270,Mosfellsbær,A,90.7,Sérbýli,1986,155.4,2026-06-24
Til húseiganda,Þykkvibær 4,110,Reykjavík,A,90.7,Einbýli,1967,176.8,2026-06-24
Til húseiganda,Keilufell 4,111,Reykjavík,A,90.4,Einbýli,1973,253.4,2026-06-23
Til húseiganda,Torfufell 16,111,Reykjavík,A,90.4,Sérbýli,1973,158.2,2026-06-23
Til húseiganda,Ljósaland 3,108,Reykjavík,A,90.1,Sérbýli,1972,219.1,2026-06-22
Til húseiganda,Þórshamrar,250,Suðurnesjabær,A,90.1,Einbýli,1980,142.0,2026-06-22
Til húseiganda,Lindarbraut 24,170,Seltjarnarnes,A,89.2,Einbýli,1977,208.2,2026-06-19
Til húseiganda,Reykjavíkurvegur 23,102,Reykjavík,A,89.2,Einbýli,1936,133.7,2026-06-19
Til húseiganda,Leirvogstunga 12,270,Mosfellsbær,A,88.9,Einbýli,1960,253.1,2026-06-18
Til húseiganda,Öldugata 26,220,Hafnarfjörður,A,88.9,Sérbýli,1930,188.7,2026-06-18
Til húseiganda,Freyjuvellir 9,230,Reykjanesbær,A,88.3,Einbýli,1983,222.3,2026-06-16
Til húseiganda,Stuðlaberg 48,221,Hafnarfjörður,A,88.3,Sérbýli,1989,170.6,2026-06-16
Til húseiganda,Suðurvellir 1,230,Reykjanesbær,A,88.3,Einbýli,1978,176.5,2026-06-16
Til húseiganda,Bakkasel 25,109,Reykjavík,A,88.0,Sérbýli,1979,263.8,2026-06-15
Til húseiganda,Engjasel 66,109,Reykjavík,A,88.0,Sérbýli,1975,159.5,2026-06-15
Til húseiganda,Víkurbakki 8,109,Reykjavík,A,88.0,Sérbýli,1972,177.1,2026-06-15
Til húseiganda,Kleppsvegur 94,104,Reykjavík,A,87.1,Einbýli,1968,285.0,2026-06-12
Til húseiganda,Krókabyggð 36,270,Mosfellsbær,A,87.1,Sérbýli,1989,108.0,2026-06-12
Til húseiganda,Langafit 26,210,Garðabær,A,87.1,Einbýli,1981,158.6,2026-06-12
Til húseiganda,Leirutangi 22,270,Mosfellsbær,A,87.1,Einbýli,1984,252.7,2026-06-12
Til húseiganda,Vogagerði 17,190,Vogar,A,87.1,Einbýli,1972,180.3,2026-06-12
Til húseiganda,Ölduslóð 43,220,Hafnarfjörður,A,87.1,Sérbýli,1983,290.8,2026-06-12
Til húseiganda,Kirkjuvegur 13,220,Hafnarfjörður,A,86.8,Einbýli,1902,60.8,2026-06-11
Til húseiganda,Kirkjuvegur 3,220,Hafnarfjörður,A,86.8,Sérbýli,1915,116.3,2026-06-11
Til húseiganda,Brekkuhvammur 16,220,Hafnarfjörður,A,86.5,Einbýli,1956,202.3,2026-06-10
Til húseiganda,Móaflöt 12,210,Garðabær,A,86.5,Einbýli,1967,210.4,2026-06-10
Til húseiganda,Erluhraun 3,220,Hafnarfjörður,A,86.2,Einbýli,1960,178.7,2026-06-09
Til húseiganda,Kirkjubraut 3,260,Reykjanesbær,A,86.2,Einbýli,1963,162.6,2026-06-09
Til húseiganda,Mávahraun 1,220,Hafnarfjörður,A,85.0,Einbýli,1966,218.9,2026-06-05
Til húseiganda,Stuðlasel 6,109,Reykjavík,A,85.0,Einbýli,1976,238.7,2026-06-05
Til húseiganda,Heiðarvegur 21A,230,Reykjanesbær,A,84.7,Einbýli,1946,111.6,2026-06-04
Til húseiganda,Kúrland 26,108,Reykjavík,A,84.7,Sérbýli,1971,210.9,2026-06-04
Til húseiganda,Nesbali 25,170,Seltjarnarnes,A,84.4,Einbýli,1978,194.0,2026-06-03
Til húseiganda,Lindarbraut 17,170,Seltjarnarnes,A,84.1,Sérbýli,1987,170.9,2026-06-02
Til húseiganda,Suðurgata 56,220,Hafnarfjörður,A,84.1,Einbýli,1934,231.4,2026-06-02
Til húseiganda,Túngata 16,245,Suðurnesjabær,A,84.1,Einbýli,1955,110.9,2026-06-02
Til húseiganda,Víðiholt 10,225,Garðabær (Álftanes),A,84.1,Sérbýli,2024,180.0,2025-11-14
Til húseiganda,Heiðargerði 16,190,Vogar,A,83.8,Einbýli,1978,174.5,2026-06-01
Til húseiganda,Bergþórugata 7,101,Reykjavík,A,82.3,Sérbýli,1923,57.9,2026-05-27
Til húseiganda,Bræðratunga 24,200,Kópavogur,A,82.3,Sérbýli,1960,162.3,2026-05-27
Til húseiganda,Smárahvammur 4,220,Hafnarfjörður,A,82.3,Einbýli,1963,278.0,2026-05-27
Til húseiganda,Heiðargerði 3,108,Reykjavík,A,82.0,Einbýli,1958,206.3,2026-05-26
Til húseiganda,Seljabraut 46,109,Reykjavík,A,82.0,Sérbýli,1974,187.7,2026-05-26
Til húseiganda,Faxatún 5,210,Garðabær,A,80.8,Einbýli,1959,180.2,2026-05-22
Til húseiganda,Kópavogsbraut 63,200,Kópavogur,A,80.8,Einbýli,1958,219.7,2026-05-22
Til húseiganda,Nesbali 20,170,Seltjarnarnes,A,80.8,Sérbýli,1975,202.0,2026-05-22
Til húseiganda,Hlíðargata 32,245,Suðurnesjabær,A,80.5,Einbýli,1964,178.6,2026-05-21
Til húseiganda,Ásgarður 123,108,Reykjavík,A,80.5,Sérbýli,1961,109.3,2026-05-21
Til húseiganda,Arnartangi 23,270,Mosfellsbær,A,80.2,Einbýli,1975,206.9,2026-05-20
Til húseiganda,Þinghólsbraut 8,200,Kópavogur,A,80.2,Einbýli,1964,190.0,2026-05-20
Til húseiganda,Látrasel 12,109,Reykjavík,A,79.9,Einbýli,1980,194.1,2026-05-19
Til húseiganda,Bauganes 3,102,Reykjavík,A,79.6,Einbýli,1931,138.6,2026-05-18
Til húseiganda,Glitvellir 14,221,Hafnarfjörður,B,79.4,Einbýli,2007,157.1,2026-07-23
Til húseiganda,"Hraunbær 158, íbúð 0301",110,Reykjavík,B,79.4,Fjölbýli,1969,102.2,2026-07-23
Til húseiganda,"Laugarnesvegur 112, íbúð 0105",105,Reykjavík,B,79.4,Fjölbýli,1963,91.1,2026-07-23
Til húseiganda,"Mávahlíð 11, íbúð 0101",105,Reykjavík,B,79.4,Fjölbýli,1947,117.8,2026-07-23
Til húseiganda,"Rauðalækur 51, íbúð 0101",105,Reykjavík,B,79.4,Fjölbýli,1959,108.0,2026-07-23
Til húseiganda,Þorláksgeisli 46,113,Reykjavík,B,79.4,Sérbýli,2003,190.0,2026-07-23
Til húseiganda,Bjarkartún 5,250,Suðurnesjabær,B,79.1,Einbýli,2007,217.4,2026-07-22
Til húseiganda,"Bogabraut 963A, íbúð 0204",262,Reykjanesbær,B,79.1,Fjölbýli,1970,94.6,2026-07-22
Til húseiganda,"Fagrabrekka 25, íbúð 0101",200,Kópavogur,B,79.1,Fjölbýli,1962,125.2,2026-07-22
Til húseiganda,"Hagamelur 48, íbúð 0101",107,Reykjavík,B,79.1,Fjölbýli,1973,175.9,2026-07-22
Til húseiganda,"Skógarbraut 916C, íbúð 0207",262,Reykjanesbær,B,79.1,Fjölbýli,1978,123.9,2026-07-22
Til húseiganda,"Stigahlíð 4, íbúð 0402",105,Reykjavík,B,79.1,Fjölbýli,1956,114.0,2026-07-22
Til húseiganda,"Álftamýri 36, íbúð 0203",108,Reykjavík,B,79.1,Fjölbýli,1964,124.8,2026-07-22
Til húseiganda,"Hrísmóar 1, íbúð 0401",210,Garðabær,B,78.8,Fjölbýli,1984,92.8,2026-07-21
Til húseiganda,"Leifsgata 18, íbúð 0101",101,Reykjavík,B,78.8,Fjölbýli,1935,165.3,2026-07-21
Til húseiganda,"Sóltún 7, íbúð 0101",230,Reykjanesbær,B,78.8,Fjölbýli,1954,91.5,2026-07-21
Til húseiganda,"Æsufell 6, íbúð 0706",111,Reykjavík,B,78.8,Fjölbýli,1971,96.4,2026-07-21
Til húseiganda,Brekkugata 19,190,Vogar,A,78.7,Einbýli,1989,109.4,2026-05-15
Til húseiganda,Kambsvegur 11,104,Reykjavík,A,78.7,Einbýli,1954,107.2,2026-05-15
Til húseiganda,Kjarrmóar 11,210,Garðabær,A,78.7,Sérbýli,1983,140.0,2026-05-15
Til húseiganda,Strýtusel 13,109,Reykjavík,A,78.7,Einbýli,1980,338.1,2026-05-15
Til húseiganda,"Ferjubakki 2, íbúð 0202",109,Reykjavík,B,78.5,Fjölbýli,1968,101.5,2026-07-20
Til húseiganda,"Skipholt 24, íbúð 0201",105,Reykjavík,B,78.5,Fjölbýli,1953,102.0,2026-07-20
Til húseiganda,"Skógarbraut 916C, íbúð 0106",262,Reykjanesbær,B,78.5,Fjölbýli,1978,123.8,2026-07-20
Til húseiganda,Litlagerði,270,Mosfellsbær,A,78.4,Einbýli,1961,146.4,2026-05-14
Til húseiganda,"Hringhamar 8, íbúð 0202",221,Hafnarfjörður,B,78.2,Fjölbýli,2025,71.7,2025-12-31
Til húseiganda,Furulundur 2,210,Garðabær,A,78.1,Einbýli,1974,219.6,2026-05-13
Til húseiganda,Hellubraut 9,220,Hafnarfjörður,A,78.1,Einbýli,1980,237.9,2026-05-13
Til húseiganda,Strýtusel 10,109,Reykjavík,A,78.1,Einbýli,1978,234.8,2026-05-13
Til húseiganda,"Bólstaðarhlíð 48, íbúð 0201",105,Reykjavík,B,77.6,Fjölbýli,1967,92.3,2026-07-17
Til húseiganda,"Arnarhraun 9, íbúð 0201",220,Hafnarfjörður,B,77.3,Fjölbýli,1962,156.9,2026-07-16
Til húseiganda,"Birkihlíð 42, íbúð 0101",105,Reykjavík,B,77.3,Fjölbýli,1984,99.9,2026-07-16
Til húseiganda,"Grettisgata 46, íbúð 0302",101,Reykjavík,B,77.3,Fjölbýli,1936,94.4,2026-07-16
Til húseiganda,Stapavellir 5,260,Reykjanesbær,B,77.3,Sérbýli,2007,123.3,2026-07-16
Til húseiganda,"Barmahlíð 23, íbúð 0201",105,Reykjavík,B,77.0,Fjölbýli,1947,106.3,2026-07-15
Til húseiganda,"Eyjabakki 7, íbúð 0202",109,Reykjavík,B,77.0,Fjölbýli,1968,142.1,2026-07-15
Til húseiganda,Freyjuvellir 5,230,Reykjanesbær,A,76.9,Einbýli,1985,232.1,2026-05-09
Til húseiganda,"Túngata 12, íbúð 0101",230,Reykjanesbær,B,76.7,Fjölbýli,1943,114.2,2026-07-14
Til húseiganda,"Vesturberg 120, íbúð 0203",111,Reykjavík,B,76.7,Fjölbýli,1972,91.2,2026-07-14
Til húseiganda,Vindheimar,162,Reykjavík,B,76.7,Einbýli,1990,179.9,2026-07-14
Til húseiganda,Bæjargil 110,210,Garðabær,A,76.6,Sérbýli,1986,157.2,2026-05-08
Til húseiganda,Hlíðarbyggð 33,210,Garðabær,A,76.6,Sérbýli,1979,252.1,2026-05-08
Til húseiganda,"Bólstaðarhlíð 5, íbúð 0101",105,Reykjavík,B,76.4,Fjölbýli,1950,145.3,2026-07-13
Til húseiganda,"Kjarrhólmi 6, íbúð 0302",200,Kópavogur,B,76.4,Fjölbýli,1973,101.2,2026-07-13
Til húseiganda,Laufdalur 51,260,Reykjanesbær,B,76.4,Sérbýli,2007,164.6,2026-07-13
Til húseiganda,"Tómasarhagi 36, íbúð 0101",107,Reykjavík,B,76.4,Fjölbýli,1972,295.7,2026-07-13
Til húseiganda,Ásholt 28,105,Reykjavík,B,76.4,Sérbýli,1990,124.8,2026-07-13
Til húseiganda,Hlíðarvegur 61,200,Kópavogur,A,76.3,Einbýli,1954,212.4,2026-05-07
Til húseiganda,Kjarrmóar 23,210,Garðabær,A,76.0,Sérbýli,1982,84.8,2026-05-06
Til húseiganda,"Víðimelur 30, íbúð 0201",107,Reykjavík,B,75.8,Fjölbýli,1939,102.5,2026-07-11
Til húseiganda,Háaleitisbraut 93,108,Reykjavík,A,75.7,Sérbýli,1969,243.8,2026-05-05
Til húseiganda,Lindarflöt 40,210,Garðabær,A,75.7,Einbýli,1965,165.3,2026-05-05
VÍS tryggingar hf,Ármúli 3,108,Reykjavík,,,Auglýsandi,,,
HK Lagnir ehf (Hjörvar),Flúðasel 67,109,Reykjavík,,,Auglýsandi,,,
REKK Import ehf (MAUS),Katrínartún 4,105,Reykjavík,,,Auglýsandi,,,
Gardínur.is (Valdimar),Dalbrekka 56,200,Kópavogur,,,Auglýsandi,,,
KORA ehf,Katrínartún 4,105,Reykjavík,,,Auglýsandi,,,
Kjartan Freyr Kjartansson (KORA),Seinakur 8,210,Garðabær,,,Auglýsandi,,,
Stíflu- og myndavélaþjónustan ehf,Ármúli 21,108,Reykjavík,,,Auglýsandi,,,
MJ Lausnir ehf,Hafnargata 35,230,Reykjanesbær,,,Auglýsandi,,,
Þór Þorsteinsson (Steindi / Heit gólf),Kópavogsbraut 88,200,Kópavogur,,,Auglýsandi,,,
